,0
0,A. Gül Gökay Emel
1,A.K.M. Skarpelis
2,Aaron Clauset
3,Aaron Cluaset
4,Aaron Halfaker
5,Aaron Nichols
6,Aaron Panofsky
7,Aaron Schecter
8,Aaron Schein
9,Aaron Shaw
10,Aaron Smith
11,Aarón Gómez-Dorado
12,Abdul Khaliq Mohammed
13,Abeer Aldayel
14,Abhi Dubey
15,Abhijit Bhanudas Mahale
16,Abhimanyu Dubey
17,Abhishek Samantray
18,Abigail Horn
19,Abigail Jacobs
20,Abiram Gangavaram
21,Abraham Oshotse
22,Adam Bear
23,Adam Berinsky
24,Adam Hughes
25,Adam Pah
26,Adam Richards
27,Adam Sawyer
28,Adam Sutton
29,Adina Nerghes
30,Aditya Tandon
31,Adriana Chazarreta
32,Afra Mashhadi
33,Agnes Horvat
34,Agnese Chiatti
35,Agustín Jamardo Chenlo
36,Ahmad Abu-Akel
37,Ahmad Pratama
38,Ahmed Furkan Özkalay
39,Ahmet Kurnaz
40,Aj Alvero
41,Ajay Sailopal
42,Akira Ishii
43,Akira Matsui
44,Akira Tsurushima
45,Akit Kumar
46,Akshay Aravamudan
47,Alan Perotti
48,Albert Kao
49,Albert-Laszlo Barabasi
50,Alberto Bracci
51,Alberto Cottica
52,Alberto Salomone
53,Alberto Stefanelli
54,Alejandro Andrade
55,Alejandro Espinosa-Rada
56,Alejandro Hermida
57,Alejandro Hermida Carrillo
58,Alejandro Pérez Velilla
59,Aleksandar Tomašević
60,Aleksandra (Oleksandra) Nenko
61,Aleksandra Alorić
62,Aleksandra Urman
63,Aleksei Rotmistrov
64,Alessandra Russo
65,Alessandro Artoni
66,Alessandro Flammini
67,Alessandro Galeazzi
68,Alessandro Gambetti
69,Alessandro Provetti
70,Alessandro Rizzo
71,Alex Arenas
72,Alex Pentland
73,Alex Rutherford
74,Alexander Brand
75,Alexander Gates
76,Alexander Loser
77,Alexander Mantzaris
78,Alexander Petersen
79,Alexander Robertson
80,Alexander Stewart
81,Alexander Teytelboym
82,Alexander Verbraeck
83,Alexander Waagen
84,Alexandra Olteanu
85,Alexandre Bovet
86,Alexandru Cernat
87,Alexandru-Ionut Babeanu
88,Alexi Quintana Mathé
89,Alexis Kochanski
90,Alexis Perrier
91,Alfredo Morales
92,Ali Faqeeh
93,Ali Jadbabaie
94,Ali Tafti
95,Ali Zeynali
96,Alia Braley
97,Aliakbar Akbaritabar
98,Alice Battiston
99,Alice Jang
100,Alicia Cork
101,Alina Arseniev-Koehler
102,Alina Vogelgesang
103,Alireza Javadian Sabet
104,Alireza Sabet
105,Alje van Dam
106,Alla Baranovsky
107,Alla Loseva
108,Allegra Beal Cohen
109,Allen Moulton
110,Allison C.
111,Allison C. Morgan
112,Allison Koencke
113,Allison Morgan
114,Allissa Richardson
115,Almog Simchon
116,Alper Özbilen
117,Alvin Zhou
118,Amber Chin
119,Amel Awadelkarim
120,Amelia Hassoun
121,Amin Endah Sulistiawati
122,Amin Mekacher
123,Amir Ebrahimi Fard
124,Amir Ghasemian
125,Amir Goldberg
126,Amir Karami
127,Amir Tohidi
128,Amirarsalan Rajabi
129,Amit Goldenberg
130,Amit Sheth
131,Amol Bhondekar
132,Ana Alonso Curbelo
133,Ana Brito
134,Ana Leticia Urbistondo
135,Ana Petrović
136,Ana Vranić
137,Ana-andreea Stoica
138,Anahit Sargsyan
139,Anamika Shreeva
140,Anand Sahasranaman
141,Ananth Balashankar
142,Anastasia Menshikova
143,Anastasiia Kapuza
144,Andras Voros
145,Andrea Baronchelli
146,Andrea Cavicchini
147,Andrea Leigh Courtney
148,Andrea Parker
149,Andreas Spitz
150,Andreas Witt
151,Andrei Sonea
152,Andreia Teixeira
153,Andres Abeliuk
154,Andres Karjus
155,Andreu Casas Salleras
156,Andrew Fitzgerald
157,Andrew Gelman
158,Andrew Halterman
159,Andrew Hyde
160,Andrew Ledbetter
161,Andrew Nam
162,Andrew Ruis
163,Andrew S. Hanks
164,Andrew Wang
165,Andreï Mogoutov
166,André Grow
167,André Panisson
168,Andy Zhao
169,Angela Gallo
170,Angela Ryu
171,Angelika Tsivinskaya
172,Angelita Repetto
173,Angelyn Spaulding Flowers
174,Ani Harutyunyan
175,Ania Korsunska
176,Aniko Hannak
177,Animesh Mukherjee
178,Anindya Ghose
179,Anirban Dasgupta
180,Anish Kanabar
181,Anna Cigarini
182,Anna Croley
183,Anna Di Natale
184,Anna Keuchenius
185,Anna Koufakou
186,Anna May
187,Anna Molnár
188,Anna Shirokanova
189,Anna Shvarts
190,Anna Tedijanto
191,Anna Telling
192,Anna Wegmann
193,Anna di Natale
194,Anne Stupinski
195,Anne Toonders
196,Anne-Marie Nussberger
197,Anneke Buffone
198,Annie Haakenstad
199,Anri Suzuki
200,Anshuman Chhabra
201,Anthony Chen
202,Anthony Vashevko
203,Antoine Mazieres
204,Anton Boichenko
205,Antonio Arechar
206,Antonio Sirianni
207,Anupama Aggarwal
208,Aolong Zha
209,Aparna Ananthasubramaniam
210,Apratim Mishra
211,Aram Galstyan
212,Aravindh Raman
213,Arie Wijayanto
214,Arjun Wilkins
215,Arjunil Pathak
216,Arkadiusz Wisniowski
217,Armin Pournaki
218,Arnaud Chiolero
219,Arnout van de Rijt
220,Arram Bae
221,Arsenii Rasov
222,Artem Kuriksha
223,Arthur Bakker
224,Arthur Luhur
225,Arti Thakur
226,Arto Kekkonen
227,Arun Frey
228,Arun Sen
229,Aruna Sankaranarayanan
230,Arvind Narayanan
231,Ashiqur Khudabukhsh
232,Ashkan Kazemi
233,Ashton Anderson
234,Ashwin Rajadesingan
235,Asmeret Naugle
236,Assem Zhunis
237,Aswathy Ajith
238,Attila Gulyás
239,Attila Varga
240,Atushi Ishikawa
241,Augustin Chaintreau
242,Aurelien Balice-Debbas
243,Aurélie Nardy
244,Avelie Stuart
245,Azadeh Nematzadeh
246,Azim Shariff
247,Babak Heydari
248,Baird Howland
249,Balaraju Battu
250,Balazs Lengyel
251,Balazs Nagy
252,Balázs Lengyel
253,Bao Tran Truong
254,Bao Truong
255,Bari Bendell
256,Barry Bradlyn
257,Bas Hofstra
258,Basak Taraktas
259,Bayu Adhi Tama
260,Beate Klösch
261,Becky P.Y. Loo
262,Bedoor Alshebli
263,Ben Rachunok
264,Ben Tappin
265,Ben Thies
266,Bence Sagvari
267,Bence Ságvári
268,Benjamin Hill
269,Benjamin Horne
270,Benjamin Jones
271,Benjamin Mako Hill
272,Benjamin Meindl
273,Benjamin Ooghe-Tabanou
274,Benjamin Ooghe-tabanou
275,Benjamin Renoust
276,Benjamin Turner
277,Bennett Kleinberg
278,Benoit Schmutz
279,Beom Kim
280,Beril Bulat
281,Berk Deniz
282,Bernard Koch
283,Bernard Rimé
284,Bernardo Garcia Bulle Bueno
285,Bernardo García Bulle Bueno
286,Bernd Irlenbusch
287,Bernd Weiß
288,Bernhard Clemm
289,Bernie Hogan
290,Bertie Vidgen
291,Betty Aken
292,Betul Ozturan
293,Bianca Beersma
294,Bianca Kang
295,Bilel Benbouzid
296,Bill Thompson
297,Binglu Wang
298,Binny Mathew
299,Blake Wertz
300,Bo Wang
301,Bodong Chen
302,Bogdan State
303,Boris Sobol
304,Brandon Herren
305,Brandon Roy
306,Brea Perry
307,Brendan Nyhan
308,Brennan Antone
309,Brent Hecht
310,Brett Bourbon
311,Brian Aronson
312,Brian Parkinson
313,Brian Uzzi
314,Brigitta Németh
315,Brooke Bell
316,Brooke Bellgarcia
317,Brooke Bellgarcia Bulle-Bueno
318,Brooke Foucault Welles
319,Brooke M. Bell
320,Brooke Welles
321,Bruce Dore
322,Bruce Kogut
323,Bruce Weinberg
324,Bruno Lepri
325,Bruno Pinaud
326,Bruno Toshio Sugano
327,Bryan Daniels
328,Bryan Li
329,Bryan Moser
330,Bryan Wong
331,Buddhika Nettasinghe
332,Burak Ozturan
333,Burcin Bozkaya
334,Byron Reeves
335,Caitlin Gray
336,Camelia Oprea
337,Cameron Martel
338,Cameron Raymond
339,Cameron Taylor
340,Camille Roth
341,Camilo Estrada
342,Carles Muntaner
343,Carlos Cordoba
344,Carlos Fernandez
345,Carlos Mazariegos
346,Carlos X. Lastra-Anadon
347,Carolina Coimbra Vieira
348,Carolina Mattsson
349,Carolina Vieira
350,Carsten Schwemmer
351,Carsten Thiel
352,Cassandra Overney
353,Cassidy Sugimoto
354,Catalin Voss
355,Caterina Froio
356,Caterina Gennaioli
357,Catherine Feldman
358,Catherine Sotirakou
359,Ceren Budak
360,Cesar Hidalgo
361,Chaeyoon Jeong
362,Chang-young Oh
363,Chao Min
364,Charalampos Saitis
365,Charles Gomez
366,Charles Howland
367,Charles Martin
368,Charlie Pilgrim
369,Charlotte Hemelrijk
370,Charlotte James
371,Chathika Gunaratne
372,Chathura Jeewaka Jayalath Don Dimungu Arachchige
373,Chathurani Senevirathna
374,Cheng-jun Wang
375,Chenhao Tan
376,Chenlong Wang
377,Chia-Jung Lee
378,Chiara Allegri
379,Chico Camargo
380,Ching Jin
381,Chloe Wittenberg
382,Chris Bail
383,Chris Burnage
384,Chris Danforth
385,Chris Graziul
386,Chris Myers
387,Chris Proctor
388,Chris Riedl
389,Christa Brelsford
390,Christian Almenar
391,Christian Czymara
392,Christian Pipal
393,Christian Sandvig
394,Christian Strippel
395,Christin Munsch
396,Christina Freyman
397,Christine Cuskley
398,Christine Vega-Pourheydarian
399,Christo Wilson
400,Christoph Dann
401,Christoph Gote
402,Christoph Kern
403,Christoph Klimmt
404,Christoph Reuter
405,Christoph Stadtfeld
406,Christopher Barrie
407,Christopher Danforth
408,Christopher F. Chabris
409,Christopher M. Graziul
410,Christopher Quarles
411,Christopher Torres-Lugo
412,Christopher Torres-lugo
413,Christos Nicolaides
414,Chrysan Angela Piarso
415,Chung-Hong Chan
416,Chungyi Chiu
417,Chunying Wen
418,Chuqing Zhao
419,Clara Christner
420,Clara Hanson
421,Claudia Wagner
422,Clemens Harten
423,Clifford Odimegwu
424,Cláudia Soares
425,Cody Buntain
426,Cody Moser
427,Cole Polychronis
428,Connor Toups
429,Corey Lofdahl
430,Cornelius Puschmann
431,Corrado Monti
432,Costas Mourlas
433,Craig Evans
434,Craig Tutterow
435,Cristian Candia
436,Cristian Pulido
437,Cristian Vallejos
438,Cuihua Shen
439,Cynthia Habonimana
440,Daekyung Lee
441,Dakota Murray
442,Damian Trilling
443,Damilola Ibosiola
444,Damin Lee
445,Damir Vrabac
446,Damon Centola
447,Damon McCoy
448,Dan Calacci
449,Dan Frankowski
450,Dan Goldstein
451,Dan Jurafsky
452,Dan O'brien
453,Dana Fisher
454,Dana Warmsley
455,Danaja Maldeniya
456,Dani Madrid-Morales
457,Daniel Acuna
458,Daniel B. Larremore
459,Daniel Barkoczi
460,Daniel Bilsen
461,Daniel Chen
462,Daniel Ciganda
463,Daniel G. Goldstein
464,Daniel Goldstein
465,Daniel Haberly
466,Daniel Larremore
467,Daniel M Romero
468,Daniel Mcfarland
469,Daniel Miller
470,Daniel Muise
471,Daniel O'Brien
472,Daniel Possler
473,Daniel Putman
474,Daniel Romero
475,Daniel Schroeder
476,Daniel Straulino
477,Daniel Valdenegro
478,Daniel Valdenegro Ibarra
479,Daniela Delgado Ramos
480,Daniela Gawehns
481,Daniela Schmid
482,Daniele Fadda
483,Daniele Guariso
484,Daniele Quercia
485,Daniele Rama
486,Daniele Romanini
487,Daniele Silvestro
488,Darren Gergle
489,Dashun Wang
490,David Adelani
491,David Axelrod
492,David Bartl
493,David Blei
494,David Broniatowski
495,David Dekker
496,David Dewhurst
497,David Garcia
498,David Holtz
499,David Jurgens
500,David Krakauer
501,David Lagnado
502,David Lazer
503,David Liu
504,David McClure
505,David O'Sullivan
506,David Rand
507,David Rothschild
508,David Rozado
509,David Schoch
510,David Schwartz
511,David Shaffer
512,David Sumantry
513,Dawei Wang
514,De Vos
515,Dean Eckles
516,Deb Roy
517,Deblina Mukherjee
518,Deborah Lupton
519,Deen Freelon
520,Demetris Avraam
521,Denis Bonnay
522,Denis Helic
523,Deniz Gezerli
524,Deok-sun Lee
525,Derek Greene
526,Derek Weber
527,Devin Gaffney
528,Devra Moehler
529,Dhanya Sridhar
530,Dhaval Adjodah
531,Dhruv Sapra
532,Di Wang
533,Diana Steffen
534,Didier Sornette
535,Diego Amancio
536,Diego Fregolent Mendes De Oliveira
537,Diego Fregolent Mendes de Oliveira
538,Diego Oliveira
539,Diego Saez-Trumper
540,Dieter Wang
541,Dikshya Devkota
542,Dilara Kekulluoglu
543,Dilek Yildiz
544,Diliara Valeeva
545,Dilrukshi Gamage
546,Dilva Maupou
547,Dimitra (Mimie) Liotsiou
548,Dimitrios Milioris
549,Dimitris Kotzinos
550,Dimosthenis Stefanidis
551,Ding Lyu
552,Diogo Pacheco
553,Dipto Das
554,Dirk Van Rooy
555,Diyi Liu
556,Dmitry Zinoviev
557,Do Lee
558,Dokyun Lee
559,Domenech Burin
560,Dominic Russel
561,Dominic Saad
562,Dominique Cardon
563,Donald Green
564,Dong Nguyen
565,Donghyun Kang
566,Dongwoo Lim
567,Dor Abrahamson
568,Dorian Tsolak
569,Dorottya Demszky
570,Doug Beeferman
571,Douglas Guilbeault
572,Doyne Farmer
573,Dr Harris
574,Drew Dimmery
575,Drew Johnston
576,Drew Margolin
577,Duilio Balsamo
578,Duncan Watts
579,Dustin Tingley
580,Dylan Walker
581,Dániel Horn
582,Eaman Jahani
583,Eamon Duede
584,Ece Mutlu
585,Eckehard Olbrich
586,Edmond Awad
587,Eduardo Lopez
588,Edward Lee
589,Edward Platt
590,Edwin De Jonge
591,Edwin Jonge
592,Eelke Heemskerk
593,Eevastiina Gjerstad
594,Egemen Sert
595,Eiji Aramaki
596,Elahe Naserian
597,Elahe Naserianhanzaei
598,Elisa Celis
599,Elisa Oertel
600,Elisabeth Lex
601,Elise Jing
602,Elizabeth Dekeyser
603,Elizabeth Stowell
604,Elizaveta Sivak
605,Ellie Yang
606,Emaad Manzoor
607,Emanuele Arielli
608,Emanuele Del Fava
609,Emese Domahidi
610,Emese K. Molnár
611,Emil Bargmann Madsen
612,Emiliano Cristofaro
613,Emiliano De Cristofaro
614,Emilio Ferrara
615,Emilio Paolo Visintin
616,Emilio Zagheni
617,Emily Chen
618,Emily Hu
619,Emily Lake
620,Emma Brunskill
621,Emma Fraxanet
622,Emma Gauthier
623,Emma Pierson
624,Emma Remy
625,Emma Spiro
626,Emmanuel Olamijuwon
627,Emre Calisir
628,Emre Kiciman
629,Emre Kıcıman
630,Emőke-Ágnes Horvát
631,Eni Mustafaraj
632,Erdem Yoruk
633,Eric Chandler
634,Eric Chu
635,Eric Fleury
636,Eric Horvitz
637,Eric Leclercq
638,Ericka Menchen-Trevino
639,Erin Wamsley
640,Eshwar Chandrasekharan
641,Esteban Egido
642,Esteban Moro
643,Esteban Villa-Turek
644,Esther Denecke
645,Eszter Bokanyi
646,Eszter Hargittai
647,Eszter Katona
648,Eun Lee
649,Eunseo Choi
650,Evgenia Dolgova
651,Ewa Wilczyńska
652,Fabian Flöck
653,Fabiana Zollo
654,Fabio Votta
655,Fabrizio Germano
656,Fabrizio Lillo
657,Faiz Ahamad
658,Fakhteh Ghanbarnejad
659,Fan Yang
660,Fan Zhang
661,Fanni Mate
662,Fanny Lalot
663,Fariba Karimi
664,Farshad Kooti
665,Fatemeh Zarei
666,Federico Battiston
667,Federico Nanni
668,Fedor Dokshin
669,Feifan Liu
670,Felipe Montes
671,Felix Gaisbauer
672,Felix Munch
673,Felix Soldner
674,Felix Stamm
675,Felix Victor Münch
676,Feng Fu
677,Fengyuan Liu
678,Ferda Ofli
679,Fernando P. Santos
680,Filipi N. Silva
681,Filipi Silva
682,Filippo Menczer
683,Filippo Simini
684,Fiona Lippert
685,Firman Firmansyah
686,Flavia Luca
687,Flavio Pinheiro
688,Flora Samu
689,Florian Cafiero
690,Florian Eyert
691,Florian Geerken
692,Florian Keusch
693,Florian Lemmerich
694,Florianne Verkroost
695,Flávio L Pinheiro
696,Flóra Samu
697,Forough Poursabzi-sangdeh
698,Forrest Hangen
699,Fosca Giannotti
700,Foster Provost
701,Fragkiskos Malliaros
702,Francesca Chiaromonte
703,Francesca Gino
704,Francesca Larosa
705,Francesco Granella
706,Francesco Pierri
707,Francesco Rampazzo
708,Francesco Silvestri
709,Francesco Sobbrio
710,Francesco Valle
711,Francisco Gómez
712,Francois Lafond
713,Frank Neffke
714,Frank Neumann
715,Frank Pijpers
716,Frank Schweitzer
717,Frank Takes
718,Frank Van Der Wouden
719,Frank Webb
720,Frank van Tubergen
721,Franziska Franeck
722,Frauke Kreuter
723,Fred Morstatter
724,Frederic Heaume
725,Frederico Francisco
726,Fredrik Jansson
727,Friedolin Merhout
728,Fujio Toriumi
729,Gabriel Fair
730,Gabriel Murray
731,Gabriela Juncosa
732,Gabriela Molina León
733,Gabriella Harari
734,Gabriella Szabó
735,Gareth Tyson
736,Gargiulo Floriana
737,Gautam Kishore Shahi
738,Georg-christoph Haas
739,George Barnett
740,George Berry
741,George Chen
742,George Lifchits
743,George Pallis
744,George Richardson
745,George Vega Yon
746,George Walkden
747,Georgios Anagnostopoulos
748,Ger Graus
749,Gerado Iñiguez
750,Gerald Bronner
751,Gergely Röst
752,Gergo Toth
753,Germain Gauthier
754,German Sanchez
755,Germán Rosati
756,Gerrit Jan De Bruin
757,Gert Buiten
758,Gesa Biermann
759,Gian Maria Campedelli
760,Gianluca Stringhini
761,Gianmarco De Francisci
762,Gianmarco De Francisci Morales
763,Gijs Schumacher
764,Giorgio Tripodi
765,Giovanni Colavizza
766,Giovanni Luca Ciampaglia
767,Giovanni Tonutti
768,Giulia Cencetti
769,Giulio Burgio
770,Giuseppe Joe Labiancaba
771,Giuseppe Russo
772,Glenn Lopez
773,Gloria Wai Shan Ma
774,Gonzalo Castañeda
775,Goran Muric
776,Gord Pennycook
777,Gordon Pennycook
778,Graelyn Humiston
779,Graham Todd
780,Grant Koziol
781,Gregorio López
782,Griffin Lehrer
783,Guanghua Chi
784,Guillaume Cabanac
785,Guillaume Plique
786,Gulcan Petricli
787,Guo Xiaolei
788,Gururaghav Raman
789,Guy Abel
790,Guy Aridor
791,Guy Laban
792,Guy Melançon
793,Guy Stecklov
794,Gwilym Pryce
795,Gyorgy Matrai
796,H 
797,Hadi Askari
798,Haewoon Kwak
799,Hal Ashton
800,Hamsa Bastani
801,Han Zhuang
802,Hancheng Cao
803,Hang-hyun Jo
804,Hannah Metzler
805,Hannah Muelder
806,Hannah Rose Kirk
807,Hannah Weinberg-wolf
808,Hannes Rosenbusch
809,Hannes Ullrich
810,Hans Gersbach
811,Hansol Lee
812,Hao Cui
813,Hao Peng
814,Haochen Liu
815,Haoxiang Xia
816,Hari Raghavan
817,Harsh Taneja
818,Harshit Aneja
819,Haruhiko Maenami
820,Harvey McGuinness
821,Hasan Alp Boz
822,Hasan Boz
823,Hasnain Irshad Bhatti
824,Hawal Shamon
825,Haylee Ham
826,Hee Youn Kwon
827,Heetae Kim
828,Heidi Schulze
829,Helen Margetts
830,Helen Zeng
831,Hema Preya Selvanathan
832,Hendrik Schawe
833,Heng Xu
834,Henner Gimpel
835,Henri Kauhanen
836,Henriette Cramer
837,Henrik Jensen
838,Henrik Olsson
839,Henry Dambanemuya
840,Henry Smart
841,Herminio Bodon
842,Hernan David
843,Hernan David Insuasti-Ceballos
844,Hirokazu Shirado
845,Hiroki Takikawa
846,Hiroyasu Matsushima
847,Hitoshi Mitsuhashi
848,Ho-Chun Herbert Chang
849,Ho-chun Chang
850,Hocine Cherifi
851,Homa Hosseinmardi
852,Hong Chen
853,Hong Qu
854,Hongwei Peng
855,Hope Schroeder
856,Hossein Rahmana
857,Huazhi Qin
858,Hubert Au
859,Hubert Baginski
860,Hubert János Kiss
861,Huei-Yen Chen
862,Hugo Contreras
863,Huimin Xu
864,Hunter Heidenreich
865,Hunter Priniski
866,Hyejin Youn
867,Hyeonho Song
868,Hyojin Chin
869,Hyunho Song
870,Hyunsik Kong
871,Hyunuk Kim
872,Hywel T. P. Williams
873,Hywel Williams
874,Hélène Bouchet
875,Iacopo Pozzana
876,Iain S. Weaver
877,Iain Weaver
878,Ian Anderson
879,Ian Foster
880,Ian Gray
881,Ian Miller
882,Ian Stewart
883,Ian Van Buskirk
884,Ichiro Sakata
885,Igor Zakhlebin
886,Igor de Almeida
887,Ihsan Kahveci
888,Ilya Musabirov
889,Inaki Ucar
890,Indira Sen
891,Indrajit Bhattacharya
892,Indrek Ibrus
893,Ingmar Weber
894,Inho Hong
895,Ioanna Miliou
896,Ioulia Televantou
897,Ira Winder
898,Iraklis Moutidis
899,Irene Lo
900,Irene Malvestio
901,Irene Pasquetto
902,Irma Varela-Lasheras
903,Isaac Johnson
904,Isaac Waller
905,Isabel Constantino
906,Isabella Czedik-eysenberg
907,Isabella Loaiza
908,Isabelle Augenstein
909,Isak Ladegaard
910,Ismail Uluturk
911,Issa Luna-pla
912,Itai Ashlagi
913,Itsuki Fujisaki
914,Itsuki Noda
915,Itto Kornecki
916,Ivan Garibay
917,Ivan Smirnov
918,Iyad Rahwan
919,Izabel Aguiar
920,J. Gregory Pauloski
921,Jack Lipei Tang
922,Jacob Foster
923,Jacob Shapiro
924,Jacob Sherson
925,Jacob Staerk-ostergaard
926,Jacobo Abitbol
927,Jacobo Campo-Robledo
928,Jacqueline Hannan
929,Jacques Bara
930,Jaehong Kim
931,Jaehyuk Park
932,Jaeryoung Ka
933,Jai Seaman
934,Jaihyun Park
935,Jaime Oliver
936,Jaime Pérez
937,Jaime Teevan
938,Jairo Andres Ruiz-Saenz
939,Jake Hofman
940,Jake M. Hofman
941,Jake Miller
942,Jake Williams
943,Jakob Jünger
944,Jalees Rehman
945,Jamell Dacon
946,James Bagrow
947,James Deitrick
948,James Evans
949,James Gleeson
950,James Gross
951,James Houghton
952,James Moffet
953,James Siderius
954,Jamil Zaki
955,Jan Kubik
956,Jan Laan
957,Jan Overgoor
958,Jan Ryckebusch
959,Jan Van Der Laan
960,Jan Voltaire Vergara
961,Jana Diesner
962,Jana Lasser
963,Jane Adams
964,Janet Xu
965,Janina Sarol
966,Janna Joceli Omena
967,Janos Kertesz
968,Jared Katzman
969,Jaren Haber
970,Jaroslav Ramik
971,Jason Burton
972,Jason Jones
973,Jason Nurse
974,Jason Yan
975,Jasser Jasser
976,Javier Alvarez-Galvez
977,Javier Borge-holthoefer
978,Javier Garcia-Bernardo
979,Jay Kachhadia
980,Jayesh Choudhari
981,Je Hoon Chae
982,Jean Garcia-gathright
983,Jean-Michel Dalle
984,Jean-Philippe Cointet
985,Jean-Pierre Chevrot
986,Jean-francois Bonnefon
987,Jean-michel Dalle
988,Jean-philippe Cointet
989,Jeanie Lim
990,Jeehye Choi
991,Jeff Dieffenbach
992,Jeffery Schank
993,Jeffrey Lockhart
994,Jeffrey Quinn
995,Jeffrey Sternberg
996,Jenna Sherman
997,Jennifer Allen
998,Jennifer L. Walsh
999,Jennifer Pan
1000,Jennifer Stromer-galley
1001,Jeongwook Kim
1002,Jeremiah Milbauer
1003,Jeremy Blackburn
1004,Jeremy Dohmann
1005,Jeremy Ward
1006,Jeremy Yang
1007,Jericho McLeod
1008,Jeroen Bruggeman
1009,Jeroen Van Den Ochtend
1010,Jesse Michael Fagan
1011,Jesse Shore
1012,Jessica Flack
1013,Jessica Hullman
1014,Jessica Jacobson
1015,Jessica Kim
1016,Jessica Nordell
1017,Jessica Santana
1018,Jessie Chin
1019,Jessy Han
1020,Ji Kim
1021,Jia Lin Cheoh
1022,Jia Mengzhen
1023,Jiajun Bao
1024,Jian Gao
1025,Jian Zhu
1026,Jiangmeng Liu
1027,Jianjian Gao
1028,Jianliang Yang
1029,Jianyin Roachell
1030,Jiatong Li
1031,Jiaxin Pei
1032,Jie Tang
1033,Jie Zhuang
1034,Jihye Lee
1035,Jiliang Tang
1036,Jimmy Peng
1037,Jin Yap
1038,Jing Zeng
1039,Jingbo Meng
1040,Jinhyuk Yun
1041,Jinping Wang
1042,Jinseo Park
1043,Jiri Mazurek
1044,Jisu Kim
1045,Jisun An
1046,Jisung Yoon
1047,Jiwan Jeong
1048,Jiyoung Han
1049,Joachim Trebbe
1050,Joana Gonçalves-Sá
1051,Joanna Mania
1052,Jochen Leidner
1053,Jodi Basner
1054,Joe Hoover
1055,Joe Nudell
1056,Johan Koskinen
1057,Johan Ugander
1058,Johanna Temps
1059,Johannes Breuer
1060,Johannes Gruber
1061,Johannes Happenhofer
1062,Johannes Langguth
1063,Johannes Sorger
1064,Johannes Stroebel
1065,Johannes Ullrich
1066,Johannes Wachs
1067,John Bollenbacher
1068,John Bryden
1069,John Lang
1070,John P. Wilson
1071,John Rickford
1072,John Scott
1073,John Ziegler
1074,Johnnatan Messias
1075,Jon Kleinberg
1076,Jon Mcphetres
1077,Jonas Klaff
1078,Jonas L. Juul
1079,Jonas Paul Schöne
1080,Jonas Stein
1081,Jonathan Külz
1082,Jonathan Mijs
1083,Jonathan Morgan
1084,Jonathan Zong
1085,Jonghyun Lee
1086,Jorge Martínez Caamaño
1087,Jorge Rudas
1088,Jorge Victorino
1089,Joris Broere
1090,Jos Lemmink
1091,Jose Balsa-Barreiro
1092,Jose Carlock
1093,Jose Halloy
1094,Jose Sosa
1095,Joselina Davyt
1096,Josep Perello
1097,Joseph Bak-Coleman
1098,Joseph Gendreau
1099,Joseph Hoover
1100,Joseph O’Brien
1101,Joseph Williams
1102,Josh Pasek
1103,Joshua Anderson
1104,Joshua Becker
1105,Joshua Blumenstock
1106,Joshua Introne
1107,Joshua Minot
1108,Joshua Plotkin
1109,Joshua Tucker
1110,José-Ignacio Alvarez-Hamelin
1111,Joyce Delnoij
1112,Ju-Sung (Jay) Lee
1113,Ju-sung Lee
1114,Juan C. Losada
1115,Juan Chen
1116,Juan Losada
1117,Juan Salamanca
1118,Juan Serrano
1119,Juanjuan Zhang
1120,Judith Kas
1121,Juhi Kulshrestha
1122,Juho Pääkkönen
1123,Jule Scheper
1124,Julia Atienza-barthelemy
1125,Julia Barnett
1126,Julia Galantai
1127,Julia Koltai
1128,Julia Mendelsohn
1129,Julia Minson
1130,Julian Berger
1131,Julian Kohne
1132,Julian Vicens
1133,Julian Winkler
1134,Julie Jiang
1135,Julio Linares
1136,Junbum Lee
1137,Junjie Wu
1138,Junming Huang
1139,Junzhe Tang
1140,Jure Leskovec
1141,Justin Cheng
1142,Justin Chun-Ting Ho
1143,Justin Ho
1144,Justin Reich
1145,Justus Uitermark
1146,Jutta Bopp
1147,János Kertész
1148,Júlia Koltai
1149,Jürgen Jost
1150,K. Hunter Wapman
1151,Kai-Cheng Yang
1152,Kaicheng Yang
1153,Kami Vaniea
1154,Kangsan Lee
1155,Kanyao Han
1156,Kara L. Johnson
1157,Karandeep Singh
1158,Karen White
1159,Karim Lakhani
1160,Karl Aberer
1161,Karoline Wiesner
1162,Karoly Bozsonyi
1163,Karoly Takacs
1164,Kartiki Maheshwari
1165,Karunakar Reddy Mannem
1166,Kasper Welbers
1167,Katerina Guba
1168,Katharina Tittel
1169,Katherine Carroll
1170,Katherine Haenschen
1171,Katherine O'Toole
1172,Katherine Pham
1173,Kathleen Carley
1174,Kathleen M. Carley
1175,Kathryn Cramer
1176,Katia Nakamura
1177,Katie Roehrick
1178,Katie Spoon
1179,Katrin Weller
1180,Katsuyuki Arii
1181,Kaustav Basu
1182,Kayla De la Haye
1183,Kayla Haye
1184,Kayla de la Haye
1185,Kazuhiro Ueda
1186,Kazutoshi Sasahara
1187,Keeley Erhardt
1188,Keenan Jones
1189,Kehan Li
1190,Keigo Kusumegi
1191,Kelsey Edmond
1192,Kelsey Linnell
1193,Ken Benoit
1194,Kenji Itao
1195,Kenneth Joseph
1196,Kenneth Wapman
1197,Keran Rong
1198,Kevin Brito
1199,Kevin Kiley
1200,Kevin Kniffin
1201,Kevin S Chan
1202,Keyon Vafa
1203,Khyati Mahajan
1204,Kieran Mepham
1205,Kimitaka Asatani
1206,King-wa Fu
1207,Kinga Makovi
1208,Kira von Kleist
1209,Kiran Garimella
1210,Kiran Lakkaraju
1211,Kiran Sharma
1212,Kirill Martynov
1213,Kirk Bansak
1214,Kirsty Phillips
1215,Kiyoshi Kanazawa
1216,Kleber Oliveira
1217,Koen Schoors
1218,Kokil Jaidka
1219,Komal Florio
1220,Kongmeng Liew
1221,Konstantin Pogorelov
1222,Kornraphop Kawintiranon
1223,Kostas Stathoulopoulos
1224,Kowe Kadoma
1225,Krish Perumal
1226,Krishnaprasad Thirunarayan
1227,Kriste Krstovski
1228,Kristen Altenburger
1229,Kristen Bell
1230,Kristen Flaherty
1231,Kristen M. Altenburger
1232,Kristina Gligoric
1233,Kristina Gligorić
1234,Kristina Lerman
1235,Krisztian Varga
1236,Krisztián Boros
1237,Ksenia Mukhina
1238,Kuansan Wang
1239,Kunhao Yang
1240,Kunihiko Kaneko
1241,Kunihiro Miyazaki
1242,Kunwoo Park
1243,Kush R. Varshney
1244,Kushan Dasgupta
1245,Kwun Hang Lai
1246,Kyle Chard
1247,Kyriacos Vitalis
1248,Kyriaki Kalimeri
1249,Laia Domenech Burin
1250,Laila Wahedi
1251,Laiyang Ke
1252,Lakshmi Subramanian
1253,Lakshminarayanan Subramanian
1254,Lan Jiang
1255,Lan Luo
1256,Lana Bilalova
1257,Lana El Sanyoura
1258,Lana Sanyoura
1259,Lanu Kim
1260,Lara Lofdahl
1261,Lara Yang
1262,Laroyce Covington
1263,Laszlo Lorincz
1264,Launy Schweiger
1265,Laura Alessandretti
1266,Laura Hernandez
1267,Laura Hernández
1268,Laura Laugwitz
1269,Laura W. Dozal
1270,Laurence Brandenberger
1271,Laurent Cordonier
1272,Lea Brandt
1273,Leah Keating
1274,Leah Rosenzweig
1275,Leib Margarita
1276,Leila Zia
1277,Lena Clever
1278,Lena Frischlich
1279,Leo Bauer
1280,Leo Ferres
1281,Leonardo Ferreira
1282,Leonardo Nicoletti
1283,Leonie Neuhäuser
1284,Leopele Raabe
1285,Leping Wang
1286,Leroux Alexandre
1287,Leslie Dechurch
1288,Leto Peel
1289,Lev Manovich
1290,Levin Brinkmann
1291,Lewis Mitchell
1292,Lia Bozarth
1293,Liangwei Chen
1294,Likun Cao
1295,Lili Aunimo
1296,Lili Miao
1297,Lillio Mok
1298,Lin Wang
1299,Lina Ramos
1300,Ling Dong
1301,Ling Xue
1302,Lingfei Wu
1303,Linzhuo Li
1304,Lionel Robert
1305,Lisa Friedland
1306,Lisa Merten
1307,Lisa Oswald
1308,Lisa Singh
1309,Lise Getoor
1310,Lisette Espin Noboa
1311,Lisette Espín Noboa
1312,Liubov Tupikina
1313,Lizhen Liang
1314,Ljubica Nedelkoska
1315,Lluc Font-Pomarol
1316,Lluis Danus
1317,Longqi Yang
1318,Lorena Cano-Orón
1319,Lorena Reintgen
1320,Lorenzo Gabrielli
1321,Lorenzo Lucchini
1322,Lorien Jasny
1323,Loris Millet
1324,Louis Shekhtman
1325,Lu Liu
1326,Lu Ou
1327,Lu Xian
1328,Luca Aiello
1329,Luca Belli
1330,Luca Carbone
1331,Luca Flóra Drucker
1332,Luca Maria Aiello
1333,Luca Maria Pesando
1334,Luca Pappalardo
1335,Luca Rossi
1336,Luca Verginer
1337,Lucas Böttcher
1338,Lucas Maystre
1339,Lucas Van Straalen
1340,Lucas Van der Meer
1341,Luce Le Gorrec
1342,Lucia Falzon
1343,Ludovico Napoli
1344,Luis Amaral
1345,Luis E C Rocha
1346,Luis Luque
1347,Luisa Fernanda Chaparro
1348,Lukas Fervers
1349,Lukas Richter
1350,Lukas Vermeer
1351,Luke Archer
1352,Luke Dickens
1353,Lulu Peng
1354,Luning Sun
1355,Luping Wang
1356,Lushi Chen
1357,Luz Angela Narvaez
1358,Luís A. Nunes Amaral
1359,Ly Dinh
1360,Lydia Hayward
1361,Lydia Stone
1362,Lília Perfeito
1363,Maayan Levinson
1364,Madalina Sas
1365,Maddalena Torricelli
1366,Madeline Schiappa
1367,Madhav Joshi
1368,Mads Kock Pedersen
1369,Magdalena Wojcieszak
1370,Mahasweta Chakraborti
1371,Mahmood Shafeie Zargar
1372,Mahnaz Roshanaei
1373,Maneet Singh
1374,Manfred Schoch
1375,Maninder Kalra
1376,Manlio De Domenico
1377,Manoel Horta Ribeiro
1378,Manoel Ribeiro
1379,Manon Berriche
1380,Manon Revel
1381,Mansi Sharma
1382,Manuel Cebrian
1383,Manuel Garcia
1384,Manuel Garcia Herranz
1385,Manuel Herranz
1386,Manuel Tonneau
1387,Marc G. Berman
1388,Marc Keuschnigg
1389,Marc Maier
1390,Marc Rauckhorst
1391,Marc-Etienne Brunet
1392,Marc-Philipp Bittner
1393,Marcin Waniek
1394,Marco Brambilla
1395,Marco Civico
1396,Marco De Nadai
1397,Marco Fiore
1398,Marco Gramaglia
1399,Marco Nadai
1400,Marco Valtorta
1401,Margaret Hu
1402,Margherita Ricotti
1403,Maria Alexeeva
1404,Maria Bolsinova
1405,Maria Eskevich
1406,Maria Sahakyan
1407,Maria Schuld
1408,Maria Teresa Pulido
1409,Maria V. Ruiz-Blondet
1410,Maria del Rio Chanona
1411,Mariano Beguerisse-diaz
1412,Mariano G. Beiró
1413,Marie Puren
1414,Marija Mitrović Dankulov
1415,Marijn Ten Thij
1416,Mariko Ito
1417,Marina Diakonova
1418,Marina Kogan
1419,Marina Mancoridis
1420,Marinette Savonnet
1421,Mario Castro
1422,Mario Gutierrez-roig
1423,Mario Klingemann
1424,Mario Molina
1425,Mario Sainz
1426,Marios Dikaiakos
1427,Marius Sältzer
1428,Mark E. Whiting
1429,Mark Graus
1430,Mark Levene
1431,Mark Levine
1432,Mark Sutcliffe
1433,Mark Trappmann
1434,Mark Whiting
1435,Mark van der Loo
1436,Marko Tesic
1437,Markus Hadler
1438,Markus Mobius
1439,Markus Reiter-Haas
1440,Markus Strohmaier
1441,Marlene Koffi
1442,Marlene Lutz
1443,Marloes Hagens
1444,Marloes Maathuis
1445,Marta Rivera-Alba
1446,Marta Sales-Pardo
1447,Marten Borchers
1448,Martijn Schoonvelde
1449,Martin Bekker
1450,Martin Emmer
1451,Martin Hilbert
1452,Martin Koenen
1453,Martin Lukac
1454,Martin Novák
1455,Martin Saveski
1456,Martina Szabo
1457,Martina Testori
1458,Marton Karsai
1459,Martyn Harris
1460,Mary Czerwinski
1461,Mary Elizabeth Sutherland
1462,Mary Sanford
1463,María Reneses Botija
1464,María Riberas-Gutiérrez
1465,Masahiro Kazama
1466,Masanori Takano
1467,Masashi Miura
1468,Masashi Toyoda
1469,Masha Krupenkin
1470,Masi Noor
1471,Masoomali Fatehkia
1472,Massimiliano Luca
1473,Massimo Riccaboni
1474,Matej Novak
1475,Mathew Hardy
1476,Matias Travizano
1477,Matija Franklin
1478,Matt Groh
1479,Matt Marx
1480,Matteo Bohm
1481,Matteo Chiesa
1482,Matteo Gagliolo
1483,Matteo Magnani
1484,Matteo Mazzamurro
1485,Matthew Burgess
1486,Matthew DeVerna
1487,Matthew Edwards
1488,Matthew Groh
1489,Matthew R. Deverna
1490,Matthew Sweitzer
1491,Matthew Turner
1492,Matthew Wigginton Bhagat-Conway
1493,Matthewhew Baum
1494,Matthewhew Jones
1495,Matthewhew Roughan
1496,Matthewhew Turner
1497,Matthewhieu Nadini
1498,Matthewo Mildenberger
1499,Matthieu Nadini
1500,Matti Nelimarkka
1501,Mattia Gasparini
1502,Mattia Samory
1503,Maurice Jakesch
1504,Maurice Pitesky
1505,Mauricio Barahona
1506,Mauricio Gruppi
1507,Maurizio Porfiri
1508,Max Falkenberg
1509,Max Pellert
1510,Max Schindler
1511,Maxim Sytch
1512,Maxime Peyrard
1513,Maxime Stauffer
1514,Maximilian Schich
1515,Maximilian Spliethöver
1516,Maxwell Aliapoulios
1517,Maya Bogers
1518,Maya Josifovska
1519,Mazen Fouad A-Wali Mahdi
1520,Meena Balan
1521,Meeyoung Cha
1522,Mehdi Moussaid
1523,Mehrzad Shadmangohar
1524,Mehwish Nasim
1525,Melanie Sage
1526,Melody Sepahpour-Fard
1527,Mengjie Cheng
1528,Meny Metekia
1529,Meysam Alizadeh
1530,Micah Epstein
1531,Michael Arnold
1532,Michael Bailey
1533,Michael Bernstein
1534,Michael Boissonneault
1535,Michael Hoefer
1536,Michael Inzlicht
1537,Michael Macy
1538,Michael Quayle
1539,Michael Reiss
1540,Michael Ribers
1541,Michael S. Bernstein
1542,Michael Schaub
1543,Michael Schultz
1544,Michael Smith
1545,Michael Sverdlov
1546,Michaela Maier
1547,Michal Bilewicz
1548,Micheal Szell
1549,Michela Natilli
1550,Michele Catasta
1551,Michele Coscia
1552,Michelle Bak
1553,Michelle N. Meyer
1554,Michiel Bakker
1555,Michio Hosaka
1556,Miguel Guevara
1557,Mihai Avram
1558,Mikaela Irene Fudolig
1559,Mike Yeomans
1560,Mikhail Sirenko
1561,Mikhail Sirkenko
1562,Mikhail Sokolov
1563,Mikihito Tanaka
1564,Mikolaj Biesaga
1565,Milad Abbasiharofteh
1566,Milan Babic
1567,Milan Janosov
1568,Milan van den Heuvel
1569,Milena Tsvetkova
1570,Milo Trujillo
1571,Min Gong
1572,MinJung Park
1573,Minali Aggarwal
1574,Ming Xiao
1575,Minje Choi
1576,Minnie Quartey
1577,Mir Majid Molaie
1578,Mircea Gherghina
1579,Mirco Nanni
1580,Miriam Hurtado Bodell
1581,Miriam Koschate
1582,Miriam Koschate-reis
1583,Miriam Redi
1584,Mirko Reul
1585,Miroslav Palanský
1586,Mirta Galesic
1587,Misha Teplitskiy
1588,Mitsuo Yoshida
1589,Moena Hashimoto
1590,Moh Hosseinioun
1591,Mohamad Hosseinioun
1592,Mohammad Amin
1593,Mohammad Amin Sadeghi
1594,Mohammad Rasoolinejad
1595,Mohammed Aleinzi
1596,Mohsen Bahrami
1597,Mohsen Mosleh
1598,Mohsen Sayyadiharikandeh
1599,Molly J. Crockett
1600,Molly King
1601,Mona Zubaidi
1602,Monica Alexander
1603,Monica Bhole
1604,Monica Lee
1605,Monica Menendez
1606,Mooyeol Oh
1607,Mor Naaman
1608,Morgan Frank
1609,Morgan R. Frank
1610,Moritz Hoferer
1611,Moritz Laurer
1612,Moritz Müller
1613,Morteza Dehghani
1614,Morteza Maleki
1615,Moumena Chaqfeh
1616,Mounia Lalmas
1617,Mu-jung Cho
1618,Mucahid Kutlu
1619,Muhammad Fareed Zaffar
1620,Munif Mujib
1621,Munmun Choudhury
1622,Munther Dahleh
1623,Muyang Li
1624,Mykola Makhortykh
1625,Myung Cho
1626,Márcio Ribeiro
1627,Márton Karsai
1628,Márton Rakovics
1629,Måns Magnusson
1630,N'Godjigui Junior Diarrassouba
1631,Nabeel Gillani
1632,Nadezhda Sokolova
1633,Nadia Metoui
1634,Nak Won Rim
1635,Nan Zhang
1636,Naoki Maejima
1637,Narayanamoorthy Nanditha
1638,Narges Azizi Fard
1639,Naseem Makiya
1640,Nat Gyenes
1641,Natalie Gallagher
1642,Nathan Hughes
1643,Nathan Teblunthuis
1644,Nathante Teblunthuis
1645,Navid Madani
1646,Nazanin Alipourfard
1647,Nazli Choucri
1648,Neda Paryab
1649,Neil Johnson
1650,Nereida Bueno-Guerra
1651,Niccolo Pescetelli
1652,Niccolo di Marco
1653,Niccolò Pescetelli
1654,Nichola Raihani
1655,Nicholas Beauchamp
1656,Nicholas Diakopoulos
1657,Nicholas Gabriel
1658,Nicholas Hagar
1659,Nicholas Johnson
1660,Nicholas Johnson-restrepo
1661,Nicholas LaBerge
1662,Nicholas Perello
1663,Nicholas Vincent
1664,Nick Allum
1665,Nick Cheney
1666,Nick Hagar
1667,Nick Jones
1668,Nick McKeown
1669,Nick Obradovich
1670,Nico Clever
1671,Nicola Castaldo
1672,Nicolas Cointe
1673,Nicolas Pares
1674,Nicolas Velasquez
1675,Nicolas Velazquez-hernandez
1676,Nicole B. Carnegie
1677,Nicole Iturriaga
1678,Nicole Nisbett
1679,Nicolo Cavalli
1680,Nicos Nicolaou
1681,Nik Lomax
1682,Niklas Dorner
1683,Nikolas Zoeller
1684,Nikolaus Parulian
1685,Nilam Ram
1686,Nils Köbis
1687,Nima Dehmamy
1688,Nina Mazar
1689,Nina Savela
1690,Nir Grinberg
1691,Niraj Sitaula
1692,Nishanth Sastry
1693,Nitin Agarwal
1694,Nitin Bhushan
1695,Nora Ammann
1696,Norman Fiedler
1697,Noshir Contractor
1698,Noshir S. Contractor
1699,Nour Kteily
1700,Nozomi Okano
1701,Nuno Araujo
1702,Nupur Baghel
1703,Oana Andrei
1704,Oana Vuculescu
1705,Oceane Boulais
1706,Oh-Hyun Kwon
1707,Olga Silyutina
1708,Oliver Melbourne Allen
1709,Oliver Wieczorek
1710,Ollin Langle
1711,Omar A. Guerrero
1712,Omar Guerrero
1713,Omer Faruk Metin
1714,Omkar Terse
1715,Onur Varol
1716,Onyi Lam
1717,Oral Okan
1718,Orestes P. Hastings
1719,Orestis Papakyriakopoulos
1720,Oriol Artime
1721,Orsolya Ring
1722,Orsolya Vasarhelyi
1723,Orsolya Vásárhelyi
1724,Osbert Bastani
1725,Ovidia Stanoi
1726,Ozan Aksoy
1727,P
1728,P Kumar Sachin
1729,Pablo Flores
1730,Pablo Geraldo
1731,Pablo Lozano
1732,Pacheco Diogo
1733,Pakapol Supaniratisai
1734,Panni Vancsó
1735,Panos Ipeirotis
1736,Paolo Bajardi
1737,Paolo Parigi
1738,Paramveer Dhillon
1739,Parizad Bahardoost
1740,Park Sinchaisri
1741,Parrish Bergquist
1742,Pascal Jollivet
1743,Pascal Van Hentenryck
1744,Pat Pataranutaporn
1745,Patrick Forber
1746,Patrick Heck
1747,Patrick Park
1748,Patrick Wolf
1749,Pattie Maes
1750,Paul Bouman
1751,Paul Expert
1752,Paul Grassl
1753,Paul Guille-escuret
1754,Paul Resnick
1755,Paul Röttger
1756,Paul Smaldino
1757,Paul Vicinanza
1758,Peaks Krafft
1759,Pedro Morales
1760,Pedro Ramaciotti Morales
1761,Pedro Rio
1762,Pei Zhou
1763,Pelin Bicen
1764,Penny Mealy
1765,Pete Barbrook-Johnson
1766,Peter Dodds
1767,Peter Kerkhof
1768,Peter Klimek
1769,Peter Kraft
1770,Peter Much
1771,Peter Organisciak
1772,Petr Janský
1773,Petra Filkukova
1774,Petter Holme
1775,Petter Tornberg
1776,Petter Törnberg
1777,Philip Borgmann
1778,Philipp Kling
1779,Philipp Lorenz-Spreen
1780,Phoebe Yao
1781,Pierluigi Sacco
1782,Pierre Boyer
1783,Pietro Panzarasa
1784,Pietro Rampazzo
1785,Pik-Mai Hui
1786,Pik-mai Hui
1787,Pingjing Yang
1788,Piyush Ghasiya
1789,Pj Lamberson
1790,Polina Mosolova
1791,Polina Revina
1792,Poong Oh
1793,Pourya Toranj Simin
1794,Prakash Manandhar
1795,Prakruti Singh Thakur
1796,Prasanna Parasurama
1797,Priscilla Wong
1798,Priyam Bansal
1799,Priyanka Nanayakkara
1800,Prof Levene
1801,Przemyslaw Grabowicz
1802,Pui Yin Cheung
1803,Punyajoy Saha
1804,Pursey Heugens
1805,Pushkal Agarwal
1806,Qi Hao
1807,Qian Liu
1808,Qiankun Zhong
1809,Qiaozhu Mei
1810,Qin Lv
1811,Qing Jin
1812,Qing Ke
1813,Qinghua Li
1814,Qinghua Yang
1815,Qingtao Cao
1816,Qiusi Sun
1817,Qiwei Han
1818,Quinten Meertens
1819,R. Rio-chanona
1820,Rachel Crookes
1821,Rachel Kim
1822,Rachel de Jong
1823,Rachith Aiyappa
1824,Rada Mihalcea
1825,Radim Hladik
1826,Radim Hladík
1827,Radomir Perzina
1828,Rainer Rilke
1829,Raj Chetty
1830,Rakibul Islam
1831,Ralf Kurvers
1832,Ralph Hertwig
1833,Ramaswami Mahalingam
1834,Ramon Gras
1835,Ramon Villa-Cox
1836,Ramona Roller
1837,Rasmus Beckmann
1838,Rebecca Williams
1839,Rebekah Overdorf
1840,Rebekah Tromble
1841,Rediet Abebe
1842,Reham Al Tamime
1843,Reid McIlroy-Young
1844,Reid Mcilroy-young
1845,Renata Nemeth
1846,Rene Kizilcec
1847,Reneses Botija
1848,Renita Murimi
1849,Rense Corten
1850,Renzhe Yu
1851,Renáta Németh
1852,Renáta Topinková
1853,Reza Babaei
1854,Rezvaneh Rezapour
1855,Rhys Leahy
1856,Ricarda Schafer
1857,Riccardo Gallotti
1858,Richard Everson
1859,Richard Mann
1860,Richard Mole
1861,Richard Zemel
1862,Ridhi Kashyap
1863,Rik Crutzen
1864,Rinat Sergeev
1865,Rishabh Mehrotra
1866,Rishemjit Kaur
1867,Risto Conte Keivabu
1868,Ritesh Kumar
1869,Rob Churchill
1870,Robb Willer
1871,Robert Danziger
1872,Robert Eyre
1873,Robert Laubacher
1874,Robert Mahari
1875,Robert Stelter
1876,Robert Ulman
1877,Robert West
1878,Robin Engelhardt
1879,Rod Abhari
1880,Rodrigo Costas
1881,Roger Cremades
1882,Roger Guimera
1883,Roger Guimerà
1884,Rohail Asim
1885,Rohan Joseph
1886,Roland Filippi
1887,Roland Toth
1888,Roland von Horn
1889,Ronan McCarthy
1890,Rory Smead
1891,Rosa Alberto
1892,Rosa Benito
1893,Rosa M. Benito
1894,Rosalind Picard
1895,Roshan Santhosh
1896,Roshi Nateghi
1897,Rossano Schifanella
1898,Ruben Bach
1899,Ruilin Chen
1900,Ruohuang Jiao
1901,Russell Wang
1902,Ryan Callahan
1903,Ryan Gallagheer
1904,Ryan Langendorf
1905,Ryan Skorupski
1906,Ryan Whalen
1907,Ryen W White
1908,Ryen White
1909,Ryo Hamawaki
1910,Ryota Kobayashi
1911,Rémi Perrier
1912,S R
1913,Saban Kardas
1914,Sabin Roman
1915,Sabina Hartnett
1916,Sabine Brunswicker
1917,Sachita Nishal
1918,Sadamori Kojaku
1919,Sadamori Koujaku
1920,Sagar Kumar
1921,Sahil Loomba
1922,Sahiti Sarva
1923,Sairam Gurajada
1924,Sallie Gregson
1925,Salome Aguilar
1926,Salvatore Giorgi
1927,Salvatore Rinzivillo
1928,Sam Fankhauser
1929,Sam Zhang
1930,Samar Haider
1931,Sameer Srivastava
1932,Samin Aref
1933,Samuel Fraiberger
1934,Samuel Johnson
1935,Samuel Martin-Gutierrez
1936,Samuel Martin-gutierrez
1937,Samuel Way
1938,Samuel Woolley
1939,Samuli Reijula
1940,Sanaz Mobasseri
1941,Sandeep Soni
1942,Sandipan Sikdar
1943,Sandor Lera
1944,Sandra Gonzalez-Bailon
1945,Sandra Wankmüller
1946,Sandro Lera
1947,Sandy Pentland
1948,Sang Hoon Lee
1949,Sang Lee
1950,Sang Won Lee
1951,Sang Yup Lee
1952,Sanguk Lee
1953,Sanna Ojanperä
1954,Santo Fortunato
1955,Sara Mesquita
1956,Sarah Bolden
1957,Sarah H. Bana
1958,Sarah Rezaei
1959,Saranzaya Magsarjav
1960,Sasha Nanda
1961,Satyam Mukherjee
1962,Saumya Bhadani
1963,Saurabh Khanna
1964,Savvas Zannettou
1965,Sayan Ghosh
1966,Sayash Kapoor
1967,Scott Cunningham
1968,Scott Hale
1969,Scott Pauls
1970,Sean Fischer
1971,Sean Rintel
1972,Sebastian Bahr
1973,Sebastian Muller
1974,Sebastian Munoz-Najar Galvez
1975,Sebastian Munoz-najar
1976,Sebastian Steffen
1977,Sebastian Stier
1978,Selen Turkay
1979,Selim Balcisoy
1980,Selin Koksal
1981,Senling Shu
1982,Seokyoung Min
1983,Seolmin Yang
1984,Seonghoon Kim
1985,Serena Jimyn Soh
1986,Serge Sharoff
1987,Sergio Nasarre-Aznar
1988,Serina Chang
1989,Seth Frey
1990,Seth Schimmel
1991,Seungeon Lee
1992,Seyyedmilad Talebzadehhosseini
1993,Shagun Jhaver
1994,Shahan Ali Memon
1995,Shamsi Iqbal
1996,Shan Huang
1997,Shane Johnson
1998,Shankar Kumar
1999,Sharad Goel
2000,Shayne Longpre
2001,Shengchun Huang
2002,Shengjia Zhao
2003,Shi Chong
2004,Shimpei Okuda
2005,Shingo Takahashi
2006,Shirsendu Podder
2007,Shivangi Prasad
2008,Shiyang Lai
2009,Shloak Gupta
2010,Sho Izumo
2011,Shohei Doi
2012,Shohei Usui
2013,Shoko Wakamiya
2014,Shouji Fujimoto
2015,Shuang Zhang
2016,Shubham Annadate
2017,Shubhanshu Mishra
2018,Shuhei Kurizaki
2019,Shujun Li
2020,Shun Yamaya
2021,Shunyuan Zhang
2022,Shuo Zhang
2023,Shweta Chopra
2024,Sian Brooke
2025,Sicheng Dai
2026,Sid Ahmed Benabderrahmane
2027,Siddharth Suri
2028,Siddhartha Sen
2029,Sijia Yang
2030,Sijun He
2031,Silke Adam
2032,Silvia Majo-Vazquez
2033,Simon Chauchard
2034,Simon Dedeo
2035,Simon Hegelich
2036,Simon Hudon
2037,Simon Kuhne
2038,Simon Schweighofer
2039,Simone Centellegher
2040,Simone Lackner
2041,Simone Paolo Ponzetto
2042,Simone Righi
2043,Simone Sebben
2044,Sina Sajjadi
2045,Sinan Aral
2046,Siobhan Grayson
2047,Smriti Singh
2048,Soazic Elise Wang Sonne
2049,Sofia Dokuka
2050,Sohan Dsouza
2051,Sohyeon Hwang
2052,Solomon Messing
2053,Solon Barocas
2054,Song Jiang
2055,Sono Shah
2056,Soo Yeon Kim
2057,Soojong Kim
2058,Sophia Johanna Schlosser
2059,Sophie (Soomin) Cho
2060,Sophie Lohmann
2061,Souad Boumechaal
2062,Sourav Medya
2063,Soyun Ahn
2064,Sreeja Sreekantan Nair
2065,Srikanta Bedathur
2066,Sriram Elango
2067,Stasa Milojevic
2068,Staša Milojević
2069,Stefan Herzog
2070,Stefan McCabe
2071,Stefan Mccabe
2072,Stefan Sarkadi
2073,Stefan Thurner
2074,Stefan Wojcik
2075,Stefania Ionescu
2076,Stefano Balietti
2077,Stefano Carattini
2078,Stefano Ceri
2079,Steffi Kohl
2080,Stephan Günnemann
2081,Stephan Lewandowsky
2082,Stephanie DiPietro
2083,Stephanie Greenberg
2084,Stephany Rajeh
2085,Stephen Davies
2086,Stephen Wiryanidata
2087,Steve Chang
2088,Steve Scheinert
2089,Steven Skiena
2090,Stiene Praet
2091,Stijn Hoorens
2092,Stuart Madnick
2093,Suat Özdemir
2094,Subhayan Mukerjee
2095,Subhro Das
2096,Sudhanshu Mishra
2097,Sujeeta Bhatt
2098,Suman Kalyan Maity
2099,Suman Maity
2100,Sumeet Agarwal
2101,Sumer Vaid
2102,Summer Long
2103,Sunandan Chakraborty
2104,Sundong Kim
2105,Sune Lehmann
2106,Sung-gook Choi
2107,Sungkyu Park
2108,Sungwon Han
2109,Sunje Paasch-colberg
2110,Sunny Rai
2111,Susumu Nagayama
2112,Sven Banisch
2113,Svetlana Zhuchkova
2114,Swati Goel
2115,Syama Gopan
2116,Sydney Wood
2117,Sylvan Zheng
2118,Szilvia Zörgő
2119,Sándor Juhász
2120,Sébastien Lerique
2121,Tabea Haessler
2122,Taha Yasseri
2123,Tai-quan Peng
2124,Taichi Murayama
2125,Taiki Mito
2126,Takaaki Ohnishi
2127,Takahiro Miura
2128,Takahiro Yabe
2129,Takanori Nishida
2130,Takashi Aoki
2131,Takayuki Mizuno
2132,Takayuki Uchiba
2133,Takeshi Sakaki
2134,Talal Rahwan
2135,Talia Kaufmann
2136,Tamara Does
2137,Tamas Tofalvy
2138,Tanujit Chakraborty
2139,Tanvi Anand
2140,Tanya Berger-wolf
2141,Tanzhou Liu
2142,Tao Jia
2143,Tara Sowrirajan
2144,Tarik Roukny
2145,Tarun Jain
2146,Tasi-ching Lu
2147,Tatiana Lau
2148,Tatiana Trifonova
2149,Telmo Menezes
2150,Teodoro Criscione
2151,Teresa Woodruff
2152,Tetsuro Kobayashi
2153,Thayer Alshaabi
2154,Theophile Carniel
2155,Theresa Gessler
2156,Theresa Kuchler
2157,Thierry Poibeau
2158,Thomas Davies
2159,Thomas Delemotte
2160,Thomas F. Müller
2161,Thomas Grund
2162,Thomas Hills
2163,Thomas Niederkrotenthaler
2164,Thomas Ristenpart
2165,Thomas Robinson
2166,Thomas Small
2167,Thomas Struett
2168,Thorsten Ruprechter
2169,Tiago Santos
2170,Tiago Teixeira Santos
2171,Tian Yang
2172,Tianshu Chen
2173,Tianyi Li
2174,Tiffany Lu
2175,Tiggey May
2176,Till Hoffmann
2177,Tim A Majchrzak
2178,Tim König
2179,Tim Lomas
2180,Tim Sainburg
2181,Tim Schatto-Eckrodt
2182,Tim Wulf
2183,Timofey Yalov
2184,Timoté Vaucher
2185,Tina Comes
2186,Ting-Wei Chiang
2187,Tiziano Piccardi
2188,Tobias Buchmann
2189,Tobias Giesemann
2190,Tobias Konitzer
2191,Tobias Schumacher
2192,Tobin South
2193,Tom Griffiths
2194,Tom Mcandrew
2195,Tom Murray
2196,Tomislav Duricic
2197,Tomo Ogawa
2198,Tomás Maguire
2199,Tomáš Diviák
2200,Tong Zeng
2201,Toshiya Saito
2202,Tre Tomaszewski
2203,Trisevgeni Papakonstantinou
2204,Trisha Prabhu
2205,Tristan J.B. Cann
2206,Tristan Thrush
2207,Trivik Verma
2208,Tsuhan Chen
2209,Tugrulcan Elmas
2210,Tulin Inkaya
2211,Tung-Duong Mai
2212,Tuong Manh Vu
2213,Tyler Amos
2214,Tyson Pond
2215,Ulf Bockenholt
2216,Ulrik Brandes
2217,Ulrike Hahn
2218,Ulrike Rohn
2219,Ulya Bayram
2220,Uma Maheswari Gollapudi
2221,Unchitta Kan
2222,Utkarshani Ja
2223,Vadim Voskresenskii
2224,Valdemar Danry
2225,Valentin Hartmann
2226,Valentina Semenova
2227,Valeria D'Andrea
2228,Valeria Secchini
2229,Valerie Hase
2230,Valerio Basile
2231,Vasiliki Voukelatou
2232,Vedran Sekara
2233,Vejune Zemaityte
2234,Veniamin Veselovsky
2235,Veronica Cagle
2236,Veronika Vincze
2237,Verónica Peréz-Rosas
2238,Viacheslav Shibaev
2239,Vicente Balmaseda
2240,Vicenç Gómez
2241,Vicky Chuqiao Yang
2242,Vicky Yang
2243,Victor Chen
2244,Victor Veitch
2245,Victoria Medvec
2246,Vikram Krishnamurthy
2247,Viktoria Spaiser
2248,Vincent Lariviere
2249,Vincent Larivière
2250,Vincent Rollet
2251,Vincent Traag
2252,Vitor V. Vasconcelos
2253,Vivian Yang
2254,Vjosa Preniqi
2255,Volker Seiser
2256,Vsevolod Suschevskiy
2257,Walid Magdy
2258,Walter Quattrociocchi
2259,Wan-Ying Chang
2260,Wan-ying Chang
2261,Wang Xinyue
2262,Warren Pearce
2263,Wei Ai
2264,Wei Shan
2265,Wei Zhang
2266,Weifeng Li
2267,Weisi Guo
2268,Weiyu Zhang
2269,Wen Chen
2270,Wenchao Dong
2271,Wenjun Liao
2272,Wentao Xu
2273,William Cai
2274,William Hobbs
2275,William Marks
2276,William Weisman
2277,Wim Bernasco
2278,Winson Peng
2279,Wojtek Przepiorka
2280,Wolf Schünemann
2281,Wonjae Lee
2282,Woo Jo
2283,Woo-Sung Jung
2284,Woo-sung Jung
2285,Wouter van Atteveldt
2286,Xanda Schofield
2287,Xi Chen
2288,Xi Zhang
2289,Xiancheng Li
2290,Xiang Ren
2291,Xianglong Li
2292,Xiao Yang
2293,Xiaofan Wang
2294,Xiaoheng Xia
2295,Xiaoran Sun
2296,Xiaoran Yan
2297,Xiaowen Dong
2298,Xiaoyao Yu
2299,Xiaoyu Zhang
2300,Xin Jin
2301,Xinlan Emily Hu
2302,Xinyi Wang
2303,Xinyi Zhao
2304,Xu
2305,Xuan Lu
2306,Xuanzhe Liu
2307,Xudong Yu
2308,Xuechao Qian
2309,Y. Jasmine Wu
2310,Yamir Moreno
2311,Yan Cui
2312,Yan Leng
2313,Yanbin Cao
2314,Yaneer Bar-yam
2315,Yang
2316,Yang Wang
2317,Yann Renisio
2318,Yanni Yang
2319,Yasaman Asgari
2320,Yasir Zaki
2321,Yasuhiro Kitakami
2322,Yasunori Kimura
2323,Yee Man Margaret Ng
2324,Yelena Mejova
2325,Yerka Freire-Vidal
2326,Yi Ting Chen
2327,Yi-nung Huang
2328,Yian Yin
2329,Yibei Chen
2330,Yicheng Hu
2331,Yifan Qian
2332,Yifan Yu
2333,Yifei Wang
2334,Yifeng Wan
2335,Yilang Peng
2336,Yilin Huang
2337,Yiling Lin
2338,Yilmazcan Ozyurt
2339,Yiming Zhang
2340,Ying Kiat Tan
2341,Yingdan Lu
2342,Yingying Chen
2343,Yinqing Hua
2344,Yiqing Xu
2345,Yiting Shen
2346,Yixin Zhou
2347,Yixue Wang
2348,Yizhou Sun
2349,Ylli Prifti
2350,Yonatan Lupu
2351,Yong Tan
2352,Yong Yeol Ahn
2353,Yong-Yeol Ahn
2354,Yongren Shi
2355,Yoosoon An
2356,Yoshihiko Suhara
2357,Yoshiki Ishikawa
2358,Yotaro Takazawa
2359,Yphtach Lelkes
2360,Yu Jin Lee
2361,Yuan
2362,Yuan Chang Leong
2363,Yuan Tian
2364,Yuan Yuan
2365,Yuanmo He
2366,Yuchen Liu
2367,Yuhan Li
2368,Yuhan Zhang
2369,Yuhao Du
2370,Yujie Shao
2371,Yuki Asano
2372,Yukie Sano
2373,Yukiko Uchida
2374,Yulia Dementeva
2375,Yulia Salnikova
2376,Yulia Tsvetkov
2377,Yuliia Kazmina
2378,Yulin Yu
2379,Yun Hong
2380,Yuner Zhu
2381,Yunkang Yang
2382,Yunus Emre Tapan
2383,Yunus Tapan
2384,Yunwen Wang
2385,Yuri A. Amirkhanian
2386,Yutao Chen
2387,Yuxiao Dong
2388,Yy Ahn
2389,Yérali Gandica
2390,Zac Ioannidis
2391,Zach Fulker
2392,Zachary Neal
2393,Zachary Steinert-Threlkeld
2394,Zachary Stine
2395,Zahra Ghadiri
2396,Zahra Sheikhbahaee
2397,Zanele Munyikwa
2398,Zbigniew Smoreda
2399,Zehua Li
2400,Zening Duan
2401,Zeph M. C. van Berlo
2402,Zeynep Koc
2403,Zeyu Lyu
2404,Zhang Yundi
2405,Zhaodi Chen
2406,Zhen Guo
2407,Zhen Lei
2408,Zhen Zhu
2409,Zhepeng Cen
2410,Zhi Hong
2411,Zhifan Luo
2412,Zhishen Huang
2413,Zhiyong Huang
2414,Zhongyang He
2415,Zhuangyuan Fan
2416,Zijian An
2417,Zijian Wang
2418,Zion Mengesha
2419,Ziv Epstein
2420,Ziwen Chen
2421,Zixi Chen
2422,Ziyang Huang
2423,Zoltan Kmetty
2424,Zoltán Kmetty
2425,Zoya Khan
2426,Zsófia Rakovics
2427,Zubair Shafiq
2428,and Alex Pentland
2429,and Emilio Zagheni
2430,and Jon Green
2431,and Jonathan Zittrain
2432,de la Haye
2433,Ádám Kovács
2434,Ágnes Horvát
2435,Ákos Jakobi
2436,Árpád Knap
2437,Şeyda Ertekin
